S005_001_00000001_crop.png,0
S005_001_00000009_crop.png,2
S005_001_00000010_crop.png,2
S005_001_00000011_crop.png,2
S010_002_00000001_crop.png,0
S010_002_00000012_crop.png,6
S010_002_00000013_crop.png,6
S010_002_00000014_crop.png,6
S010_004_00000001_crop.png,0
S010_004_00000017_crop.png,1
S010_004_00000018_crop.png,1
S010_004_00000019_crop.png,1
S010_006_00000001_crop.png,0
S010_006_00000013_crop.png,4
S010_006_00000014_crop.png,4
S010_006_00000015_crop.png,4
S011_001_00000001_crop.png,0
S011_001_00000014_crop.png,6
S011_001_00000015_crop.png,6
S011_001_00000016_crop.png,6
S011_002_00000001_crop.png,0
S011_002_00000020_crop.png,5
S011_002_00000021_crop.png,5
S011_002_00000022_crop.png,5
S011_003_00000001_crop.png,0
S011_003_00000012_crop.png,3
S011_003_00000013_crop.png,3
S011_003_00000014_crop.png,3
S011_004_00000001_crop.png,0
S011_004_00000019_crop.png,1
S011_004_00000020_crop.png,1
S011_004_00000021_crop.png,1
S011_005_00000001_crop.png,0
S011_005_00000018_crop.png,2
S011_005_00000019_crop.png,2
S011_005_00000020_crop.png,2
S011_006_00000001_crop.png,0
S011_006_00000011_crop.png,4
S011_006_00000012_crop.png,4
S011_006_00000013_crop.png,4
S014_001_00000001_crop.png,0
S014_001_00000027_crop.png,6
S014_001_00000028_crop.png,6
S014_001_00000029_crop.png,6
S014_002_00000001_crop.png,0
S014_002_00000014_crop.png,5
S014_002_00000015_crop.png,5
S014_002_00000016_crop.png,5
S014_003_00000001_crop.png,0
S014_003_00000028_crop.png,1
S014_003_00000029_crop.png,1
S014_003_00000030_crop.png,1
S014_005_00000001_crop.png,0
S014_005_00000015_crop.png,4
S014_005_00000016_crop.png,4
S014_005_00000017_crop.png,4
S022_001_00000001_crop.png,0
S022_001_00000028_crop.png,6
S022_001_00000029_crop.png,6
S022_001_00000030_crop.png,6
S022_005_00000001_crop.png,0
S022_005_00000030_crop.png,1
S022_005_00000031_crop.png,1
S022_005_00000032_crop.png,1
S022_006_00000001_crop.png,0
S022_006_00000015_crop.png,2
S022_006_00000016_crop.png,2
S022_006_00000017_crop.png,2
S026_001_00000001_crop.png,0
S026_001_00000013_crop.png,6
S026_001_00000014_crop.png,6
S026_001_00000015_crop.png,6
S026_002_00000001_crop.png,0
S026_002_00000014_crop.png,5
S026_002_00000015_crop.png,5
S026_002_00000016_crop.png,5
S026_003_00000001_crop.png,0
S026_003_00000013_crop.png,1
S026_003_00000014_crop.png,1
S026_003_00000015_crop.png,1
S026_006_00000001_crop.png,0
S026_006_00000011_crop.png,4
S026_006_00000012_crop.png,4
S026_006_00000013_crop.png,4
S028_001_00000001_crop.png,0
S028_001_00000022_crop.png,1
S028_001_00000023_crop.png,1
S028_001_00000024_crop.png,1
S029_001_00000001_crop.png,0
S029_001_00000017_crop.png,1
S029_001_00000018_crop.png,1
S029_001_00000019_crop.png,1
S032_001_00000001_crop.png,0
S032_001_00000020_crop.png,6
S032_001_00000021_crop.png,6
S032_001_00000022_crop.png,6
S032_003_00000001_crop.png,0
S032_003_00000015_crop.png,1
S032_003_00000016_crop.png,1
S032_003_00000017_crop.png,1
S032_004_00000001_crop.png,0
S032_004_00000012_crop.png,3
S032_004_00000013_crop.png,3
S032_004_00000014_crop.png,3
S032_005_00000001_crop.png,0
S032_005_00000014_crop.png,2
S032_005_00000015_crop.png,2
S032_005_00000016_crop.png,2
S032_006_00000001_crop.png,0
S032_006_00000014_crop.png,4
S032_006_00000015_crop.png,4
S032_006_00000016_crop.png,4
S034_001_00000001_crop.png,0
S034_001_00000027_crop.png,6
S034_001_00000028_crop.png,6
S034_001_00000029_crop.png,6
S034_003_00000001_crop.png,0
S034_003_00000025_crop.png,1
S034_003_00000026_crop.png,1
S034_003_00000027_crop.png,1
S034_005_00000001_crop.png,0
S034_005_00000008_crop.png,4
S034_005_00000009_crop.png,4
S034_005_00000010_crop.png,4
S035_001_00000001_crop.png,0
S035_001_00000013_crop.png,6
S035_001_00000014_crop.png,6
S035_001_00000015_crop.png,6
S035_005_00000001_crop.png,0
S035_005_00000017_crop.png,2
S035_005_00000018_crop.png,2
S035_005_00000019_crop.png,2
S035_006_00000001_crop.png,0
S035_006_00000016_crop.png,4
S035_006_00000017_crop.png,4
S035_006_00000018_crop.png,4
S037_001_00000001_crop.png,0
S037_001_00000018_crop.png,6
S037_001_00000019_crop.png,6
S037_001_00000020_crop.png,6
S037_003_00000001_crop.png,0
S037_003_00000020_crop.png,1
S037_003_00000021_crop.png,1
S037_003_00000022_crop.png,1
S037_006_00000001_crop.png,0
S037_006_00000019_crop.png,4
S037_006_00000020_crop.png,4
S037_006_00000021_crop.png,4
S042_001_00000001_crop.png,0
S042_001_00000017_crop.png,6
S042_001_00000018_crop.png,6
S042_001_00000019_crop.png,6
S042_002_00000001_crop.png,0
S042_002_00000014_crop.png,5
S042_002_00000015_crop.png,5
S042_002_00000016_crop.png,5
S042_004_00000001_crop.png,0
S042_004_00000018_crop.png,1
S042_004_00000019_crop.png,1
S042_004_00000020_crop.png,1
S042_006_00000001_crop.png,0
S042_006_00000015_crop.png,4
S042_006_00000016_crop.png,4
S042_006_00000017_crop.png,4
S044_001_00000001_crop.png,0
S044_001_00000022_crop.png,6
S044_001_00000023_crop.png,6
S044_001_00000024_crop.png,6
S044_003_00000001_crop.png,0
S044_003_00000012_crop.png,4
S044_003_00000013_crop.png,4
S044_003_00000014_crop.png,4
S044_006_00000001_crop.png,0
S044_006_00000017_crop.png,2
S044_006_00000018_crop.png,2
S044_006_00000019_crop.png,2
S045_004_00000001_crop.png,0
S045_004_00000013_crop.png,2
S045_004_00000014_crop.png,2
S045_004_00000015_crop.png,2
S045_005_00000001_crop.png,0
S045_005_00000028_crop.png,1
S045_005_00000029_crop.png,1
S045_005_00000030_crop.png,1
S046_001_00000001_crop.png,0
S046_001_00000023_crop.png,5
S046_001_00000024_crop.png,5
S046_001_00000025_crop.png,5
S046_002_00000001_crop.png,0
S046_002_00000004_crop.png,6
S046_002_00000005_crop.png,6
S046_002_00000006_crop.png,6
S046_003_00000001_crop.png,0
S046_003_00000014_crop.png,3
S046_003_00000015_crop.png,3
S046_003_00000016_crop.png,3
S046_004_00000001_crop.png,0
S046_004_00000015_crop.png,2
S046_004_00000016_crop.png,2
S046_004_00000017_crop.png,2
S050_001_00000001_crop.png,0
S050_001_00000015_crop.png,3
S050_001_00000016_crop.png,3
S050_001_00000017_crop.png,3
S050_002_00000001_crop.png,0
S050_002_00000016_crop.png,6
S050_002_00000017_crop.png,6
S050_002_00000018_crop.png,6
S050_004_00000001_crop.png,0
S050_004_00000019_crop.png,1
S050_004_00000020_crop.png,1
S050_004_00000021_crop.png,1
S050_006_00000001_crop.png,0
S050_006_00000021_crop.png,4
S050_006_00000022_crop.png,4
S050_006_00000023_crop.png,4
S051_002_00000001_crop.png,0
S051_002_00000017_crop.png,6
S051_002_00000018_crop.png,6
S051_002_00000019_crop.png,6
S051_003_00000001_crop.png,0
S051_003_00000016_crop.png,2
S051_003_00000017_crop.png,2
S051_003_00000018_crop.png,2
S052_001_00000001_crop.png,0
S052_001_00000013_crop.png,6
S052_001_00000014_crop.png,6
S052_001_00000015_crop.png,6
S052_004_00000001_crop.png,0
S052_004_00000031_crop.png,4
S052_004_00000032_crop.png,4
S052_004_00000033_crop.png,4
S052_006_00000001_crop.png,0
S052_006_00000011_crop.png,2
S052_006_00000012_crop.png,2
S052_006_00000013_crop.png,2
S053_001_00000001_crop.png,0
S053_001_00000021_crop.png,6
S053_001_00000022_crop.png,6
S053_001_00000023_crop.png,6
S053_004_00000001_crop.png,0
S053_004_00000022_crop.png,4
S053_004_00000023_crop.png,4
S053_004_00000024_crop.png,4
S054_002_00000001_crop.png,0
S054_002_00000013_crop.png,3
S054_002_00000014_crop.png,3
S054_002_00000015_crop.png,3
S054_003_00000001_crop.png,0
S054_003_00000005_crop.png,6
S054_003_00000006_crop.png,6
S054_003_00000007_crop.png,6
S054_004_00000001_crop.png,0
S054_004_00000022_crop.png,2
S054_004_00000023_crop.png,2
S054_004_00000024_crop.png,2
S055_001_00000001_crop.png,0
S055_001_00000010_crop.png,6
S055_001_00000011_crop.png,6
S055_001_00000012_crop.png,6
S055_003_00000001_crop.png,0
S055_003_00000007_crop.png,2
S055_003_00000008_crop.png,2
S055_003_00000009_crop.png,2
S055_004_00000001_crop.png,0
S055_004_00000026_crop.png,1
S055_004_00000027_crop.png,1
S055_004_00000028_crop.png,1
S055_005_00000001_crop.png,0
S055_005_00000043_crop.png,4
S055_005_00000044_crop.png,4
S055_005_00000045_crop.png,4
S055_006_00000001_crop.png,0
S055_006_00000006_crop.png,3
S055_006_00000007_crop.png,3
S055_006_00000008_crop.png,3
S056_002_00000001_crop.png,0
S056_002_00000008_crop.png,2
S056_002_00000009_crop.png,2
S056_002_00000010_crop.png,2
S056_003_00000001_crop.png,0
S056_003_00000008_crop.png,6
S056_003_00000009_crop.png,6
S056_003_00000010_crop.png,6
S056_004_00000001_crop.png,0
S056_004_00000018_crop.png,4
S056_004_00000019_crop.png,4
S056_004_00000020_crop.png,4
S057_001_00000001_crop.png,0
S057_001_00000017_crop.png,6
S057_001_00000018_crop.png,6
S057_001_00000019_crop.png,6
S057_003_00000001_crop.png,0
S057_003_00000013_crop.png,2
S057_003_00000014_crop.png,2
S057_003_00000015_crop.png,2
S057_006_00000001_crop.png,0
S057_006_00000031_crop.png,4
S057_006_00000032_crop.png,4
S057_006_00000033_crop.png,4
S058_001_00000001_crop.png,0
S058_001_00000018_crop.png,6
S058_001_00000019_crop.png,6
S058_001_00000020_crop.png,6
S058_005_00000001_crop.png,0
S058_005_00000008_crop.png,1
S058_005_00000009_crop.png,1
S058_005_00000010_crop.png,1
S058_006_00000001_crop.png,0
S058_006_00000016_crop.png,2
S058_006_00000017_crop.png,2
S058_006_00000018_crop.png,2
S059_001_00000001_crop.png,0
S059_001_00000016_crop.png,6
S059_001_00000017_crop.png,6
S059_001_00000018_crop.png,6
S059_002_00000001_crop.png,0
S059_002_00000015_crop.png,3
S059_002_00000016_crop.png,3
S059_002_00000017_crop.png,3
S060_002_00000001_crop.png,0
S060_002_00000024_crop.png,4
S060_002_00000025_crop.png,4
S060_002_00000026_crop.png,4
S060_003_00000001_crop.png,0
S060_003_00000016_crop.png,6
S060_003_00000017_crop.png,6
S060_003_00000018_crop.png,6
S060_005_00000001_crop.png,0
S060_005_00000019_crop.png,2
S060_005_00000020_crop.png,2
S060_005_00000021_crop.png,2
S061_001_00000001_crop.png,0
S061_001_00000010_crop.png,6
S061_001_00000011_crop.png,6
S061_001_00000012_crop.png,6
S061_002_00000001_crop.png,0
S061_002_00000013_crop.png,4
S061_002_00000014_crop.png,4
S061_002_00000015_crop.png,4
S061_004_00000001_crop.png,0
S061_004_00000020_crop.png,2
S061_004_00000021_crop.png,2
S061_004_00000022_crop.png,2
S062_001_00000001_crop.png,0
S062_001_00000015_crop.png,3
S062_001_00000016_crop.png,3
S062_001_00000017_crop.png,3
S062_002_00000001_crop.png,0
S062_002_00000014_crop.png,6
S062_002_00000015_crop.png,6
S062_002_00000016_crop.png,6
S062_004_00000001_crop.png,0
S062_004_00000022_crop.png,4
S062_004_00000023_crop.png,4
S062_004_00000024_crop.png,4
S062_005_00000001_crop.png,0
S062_005_00000027_crop.png,2
S062_005_00000028_crop.png,2
S062_005_00000029_crop.png,2
S063_001_00000001_crop.png,0
S063_001_00000011_crop.png,6
S063_001_00000012_crop.png,6
S063_001_00000013_crop.png,6
S063_002_00000001_crop.png,0
S063_002_00000021_crop.png,4
S063_002_00000022_crop.png,4
S063_002_00000023_crop.png,4
S064_001_00000001_crop.png,0
S064_001_00000010_crop.png,6
S064_001_00000011_crop.png,6
S064_001_00000012_crop.png,6
S064_003_00000001_crop.png,0
S064_003_00000023_crop.png,4
S064_003_00000024_crop.png,4
S064_003_00000025_crop.png,4
S064_004_00000001_crop.png,0
S064_004_00000012_crop.png,5
S064_004_00000013_crop.png,5
S064_004_00000014_crop.png,5
S065_002_00000001_crop.png,0
S065_002_00000020_crop.png,3
S065_002_00000021_crop.png,3
S065_002_00000022_crop.png,3
S065_003_00000001_crop.png,0
S065_003_00000020_crop.png,6
S065_003_00000021_crop.png,6
S065_003_00000022_crop.png,6
S065_004_00000001_crop.png,0
S065_004_00000026_crop.png,4
S065_004_00000027_crop.png,4
S065_004_00000028_crop.png,4
S065_005_00000001_crop.png,0
S065_005_00000006_crop.png,2
S065_005_00000007_crop.png,2
S065_005_00000008_crop.png,2
S066_002_00000001_crop.png,0
S066_002_00000020_crop.png,6
S066_002_00000021_crop.png,6
S066_002_00000022_crop.png,6
S066_003_00000001_crop.png,0
S066_003_00000010_crop.png,4
S066_003_00000011_crop.png,4
S066_003_00000012_crop.png,4
S066_004_00000001_crop.png,0
S066_004_00000008_crop.png,5
S066_004_00000009_crop.png,5
S066_004_00000010_crop.png,5
S066_005_00000001_crop.png,0
S066_005_00000009_crop.png,1
S066_005_00000010_crop.png,1
S066_005_00000011_crop.png,1
S067_002_00000001_crop.png,0
S067_002_00000012_crop.png,6
S067_002_00000013_crop.png,6
S067_002_00000014_crop.png,6
S067_004_00000001_crop.png,0
S067_004_00000021_crop.png,1
S067_004_00000022_crop.png,1
S067_004_00000023_crop.png,1
S067_005_00000001_crop.png,0
S067_005_00000020_crop.png,4
S067_005_00000021_crop.png,4
S067_005_00000022_crop.png,4
S067_006_00000001_crop.png,0
S067_006_00000009_crop.png,2
S067_006_00000010_crop.png,2
S067_006_00000011_crop.png,2
S068_002_00000001_crop.png,0
S068_002_00000013_crop.png,4
S068_002_00000014_crop.png,4
S068_002_00000015_crop.png,4
S068_003_00000001_crop.png,0
S068_003_00000012_crop.png,6
S068_003_00000013_crop.png,6
S068_003_00000014_crop.png,6
S068_004_00000001_crop.png,0
S068_004_00000008_crop.png,3
S068_004_00000009_crop.png,3
S068_004_00000010_crop.png,3
S068_005_00000001_crop.png,0
S068_005_00000019_crop.png,2
S068_005_00000020_crop.png,2
S068_005_00000021_crop.png,2
S069_002_00000001_crop.png,0
S069_002_00000012_crop.png,6
S069_002_00000013_crop.png,6
S069_002_00000014_crop.png,6
S069_003_00000001_crop.png,0
S069_003_00000009_crop.png,2
S069_003_00000010_crop.png,2
S069_003_00000011_crop.png,2
S069_004_00000001_crop.png,0
S069_004_00000015_crop.png,4
S069_004_00000016_crop.png,4
S069_004_00000017_crop.png,4
S070_002_00000001_crop.png,0
S070_002_00000014_crop.png,6
S070_002_00000015_crop.png,6
S070_002_00000016_crop.png,6
S070_003_00000001_crop.png,0
S070_003_00000015_crop.png,4
S070_003_00000016_crop.png,4
S070_003_00000017_crop.png,4
S070_005_00000001_crop.png,0
S070_005_00000014_crop.png,2
S070_005_00000015_crop.png,2
S070_005_00000016_crop.png,2
S071_001_00000001_crop.png,0
S071_001_00000011_crop.png,6
S071_001_00000012_crop.png,6
S071_001_00000013_crop.png,6
S071_002_00000001_crop.png,0
S071_002_00000018_crop.png,5
S071_002_00000019_crop.png,5
S071_002_00000020_crop.png,5
S071_004_00000001_crop.png,0
S071_004_00000026_crop.png,1
S071_004_00000027_crop.png,1
S071_004_00000028_crop.png,1
S071_005_00000001_crop.png,0
S071_005_00000019_crop.png,4
S071_005_00000020_crop.png,4
S071_005_00000021_crop.png,4
S071_006_00000001_crop.png,0
S071_006_00000012_crop.png,2
S071_006_00000013_crop.png,2
S071_006_00000014_crop.png,2
S072_005_00000001_crop.png,0
S072_005_00000017_crop.png,1
S072_005_00000018_crop.png,1
S072_005_00000019_crop.png,1
S072_006_00000001_crop.png,0
S072_006_00000020_crop.png,4
S072_006_00000021_crop.png,4
S072_006_00000022_crop.png,4
S073_001_00000001_crop.png,0
S073_001_00000011_crop.png,6
S073_001_00000012_crop.png,6
S073_001_00000013_crop.png,6
S073_006_00000001_crop.png,0
S073_006_00000012_crop.png,2
S073_006_00000013_crop.png,2
S073_006_00000014_crop.png,2
S074_001_00000001_crop.png,0
S074_001_00000018_crop.png,3
S074_001_00000019_crop.png,3
S074_001_00000020_crop.png,3
S074_002_00000001_crop.png,0
S074_002_00000014_crop.png,6
S074_002_00000015_crop.png,6
S074_002_00000016_crop.png,6
S074_004_00000001_crop.png,0
S074_004_00000016_crop.png,2
S074_004_00000017_crop.png,2
S074_004_00000018_crop.png,2
S074_005_00000001_crop.png,0
S074_005_00000041_crop.png,4
S074_005_00000042_crop.png,4
S074_005_00000043_crop.png,4
S075_002_00000001_crop.png,0
S075_002_00000012_crop.png,6
S075_002_00000013_crop.png,6
S075_002_00000014_crop.png,6
S075_005_00000001_crop.png,0
S075_005_00000010_crop.png,2
S075_005_00000011_crop.png,2
S075_005_00000012_crop.png,2
S075_006_00000001_crop.png,0
S075_006_00000023_crop.png,4
S075_006_00000024_crop.png,4
S075_006_00000025_crop.png,4
S075_008_00000001_crop.png,0
S075_008_00000010_crop.png,1
S075_008_00000011_crop.png,1
S075_008_00000012_crop.png,1
S076_001_00000001_crop.png,0
S076_001_00000015_crop.png,6
S076_001_00000016_crop.png,6
S076_001_00000017_crop.png,6
S076_005_00000001_crop.png,0
S076_005_00000010_crop.png,2
S076_005_00000011_crop.png,2
S076_005_00000012_crop.png,2
S076_006_00000001_crop.png,0
S076_006_00000017_crop.png,4
S076_006_00000018_crop.png,4
S076_006_00000019_crop.png,4
S077_001_00000001_crop.png,0
S077_001_00000026_crop.png,6
S077_001_00000027_crop.png,6
S077_001_00000028_crop.png,6
S077_006_00000001_crop.png,0
S077_006_00000012_crop.png,2
S077_006_00000013_crop.png,2
S077_006_00000014_crop.png,2
S078_001_00000001_crop.png,0
S078_001_00000031_crop.png,6
S078_001_00000032_crop.png,6
S078_001_00000033_crop.png,6
S078_004_00000001_crop.png,0
S078_004_00000025_crop.png,4
S078_004_00000026_crop.png,4
S078_004_00000027_crop.png,4
S078_007_00000001_crop.png,0
S078_007_00000011_crop.png,2
S078_007_00000012_crop.png,2
S078_007_00000013_crop.png,2
S079_001_00000001_crop.png,0
S079_001_00000010_crop.png,6
S079_001_00000011_crop.png,6
S079_001_00000012_crop.png,6
S079_002_00000001_crop.png,0
S079_002_00000010_crop.png,2
S079_002_00000011_crop.png,2
S079_002_00000012_crop.png,2
S079_004_00000001_crop.png,0
S079_004_00000024_crop.png,4
S079_004_00000025_crop.png,4
S079_004_00000026_crop.png,4
S080_001_00000001_crop.png,0
S080_001_00000016_crop.png,6
S080_001_00000017_crop.png,6
S080_001_00000018_crop.png,6
S080_005_00000001_crop.png,0
S080_005_00000011_crop.png,5
S080_005_00000012_crop.png,5
S080_005_00000013_crop.png,5
S080_008_00000001_crop.png,0
S080_008_00000007_crop.png,2
S080_008_00000008_crop.png,2
S080_008_00000009_crop.png,2
S081_001_00000001_crop.png,0
S081_001_00000017_crop.png,6
S081_001_00000018_crop.png,6
S081_001_00000019_crop.png,6
S081_002_00000001_crop.png,0
S081_002_00000022_crop.png,5
S081_002_00000023_crop.png,5
S081_002_00000024_crop.png,5
S081_008_00000001_crop.png,0
S081_008_00000009_crop.png,2
S081_008_00000010_crop.png,2
S081_008_00000011_crop.png,2
S082_001_00000001_crop.png,0
S082_001_00000013_crop.png,6
S082_001_00000014_crop.png,6
S082_001_00000015_crop.png,6
S082_005_00000001_crop.png,0
S082_005_00000015_crop.png,1
S082_005_00000016_crop.png,1
S082_005_00000017_crop.png,1
S082_007_00000001_crop.png,0
S082_007_00000008_crop.png,2
S082_007_00000009_crop.png,2
S082_007_00000010_crop.png,2
S083_003_00000001_crop.png,0
S083_003_00000017_crop.png,4
S083_003_00000018_crop.png,4
S083_003_00000019_crop.png,4
S084_001_00000001_crop.png,0
S084_001_00000008_crop.png,6
S084_001_00000009_crop.png,6
S084_001_00000010_crop.png,6
S084_002_00000001_crop.png,0
S084_002_00000021_crop.png,3
S084_002_00000022_crop.png,3
S084_002_00000023_crop.png,3
S085_002_00000001_crop.png,0
S085_002_00000012_crop.png,4
S085_002_00000013_crop.png,4
S085_002_00000014_crop.png,4
S085_003_00000001_crop.png,0
S085_003_00000011_crop.png,6
S085_003_00000012_crop.png,6
S085_003_00000013_crop.png,6
S085_004_00000001_crop.png,0
S085_004_00000015_crop.png,2
S085_004_00000016_crop.png,2
S085_004_00000017_crop.png,2
S086_001_00000001_crop.png,0
S086_001_00000017_crop.png,6
S086_001_00000018_crop.png,6
S086_001_00000019_crop.png,6
S086_002_00000001_crop.png,0
S086_002_00000013_crop.png,4
S086_002_00000014_crop.png,4
S086_002_00000015_crop.png,4
S087_001_00000001_crop.png,0
S087_001_00000009_crop.png,6
S087_001_00000010_crop.png,6
S087_001_00000011_crop.png,6
S087_004_00000001_crop.png,0
S087_004_00000010_crop.png,2
S087_004_00000011_crop.png,2
S087_004_00000012_crop.png,2
S087_005_00000001_crop.png,0
S087_005_00000010_crop.png,4
S087_005_00000011_crop.png,4
S087_005_00000012_crop.png,4
S087_007_00000001_crop.png,0
S087_007_00000014_crop.png,1
S087_007_00000015_crop.png,1
S087_007_00000016_crop.png,1
S088_001_00000001_crop.png,0
S088_001_00000015_crop.png,6
S088_001_00000016_crop.png,6
S088_001_00000017_crop.png,6
S088_004_00000001_crop.png,0
S088_004_00000018_crop.png,2
S088_004_00000019_crop.png,2
S088_004_00000020_crop.png,2
S089_001_00000001_crop.png,0
S089_001_00000014_crop.png,6
S089_001_00000015_crop.png,6
S089_001_00000016_crop.png,6
S089_002_00000001_crop.png,0
S089_002_00000019_crop.png,4
S089_002_00000020_crop.png,4
S089_002_00000021_crop.png,4
S089_003_00000001_crop.png,0
S089_003_00000034_crop.png,1
S089_003_00000035_crop.png,1
S089_003_00000036_crop.png,1
S090_002_00000001_crop.png,0
S090_002_00000009_crop.png,6
S090_002_00000010_crop.png,6
S090_002_00000011_crop.png,6
S090_006_00000001_crop.png,0
S090_006_00000009_crop.png,2
S090_006_00000010_crop.png,2
S090_006_00000011_crop.png,2
S090_007_00000001_crop.png,0
S090_007_00000012_crop.png,1
S090_007_00000013_crop.png,1
S090_007_00000014_crop.png,1
S091_001_00000001_crop.png,0
S091_001_00000013_crop.png,3
S091_001_00000014_crop.png,3
S091_001_00000015_crop.png,3
S091_003_00000001_crop.png,0
S091_003_00000019_crop.png,4
S091_003_00000020_crop.png,4
S091_003_00000021_crop.png,4
S092_001_00000001_crop.png,0
S092_001_00000015_crop.png,6
S092_001_00000016_crop.png,6
S092_001_00000017_crop.png,6
S092_003_00000001_crop.png,0
S092_003_00000012_crop.png,1
S092_003_00000013_crop.png,1
S092_003_00000014_crop.png,1
S092_004_00000001_crop.png,0
S092_004_00000022_crop.png,4
S092_004_00000023_crop.png,4
S092_004_00000024_crop.png,4
S093_001_00000001_crop.png,0
S093_001_00000018_crop.png,5
S093_001_00000019_crop.png,5
S093_001_00000020_crop.png,5
S093_004_00000001_crop.png,0
S093_004_00000014_crop.png,4
S093_004_00000015_crop.png,4
S093_004_00000016_crop.png,4
S094_001_00000001_crop.png,0
S094_001_00000008_crop.png,6
S094_001_00000009_crop.png,6
S094_001_00000010_crop.png,6
S094_004_00000001_crop.png,0
S094_004_00000010_crop.png,4
S094_004_00000011_crop.png,4
S094_004_00000012_crop.png,4
S095_001_00000001_crop.png,0
S095_001_00000014_crop.png,6
S095_001_00000015_crop.png,6
S095_001_00000016_crop.png,6
S095_006_00000001_crop.png,0
S095_006_00000011_crop.png,2
S095_006_00000012_crop.png,2
S095_006_00000013_crop.png,2
S095_007_00000001_crop.png,0
S095_007_00000019_crop.png,4
S095_007_00000020_crop.png,4
S095_007_00000021_crop.png,4
S095_010_00000001_crop.png,0
S095_010_00000012_crop.png,5
S095_010_00000013_crop.png,5
S095_010_00000014_crop.png,5
S096_001_00000001_crop.png,0
S096_001_00000005_crop.png,6
S096_001_00000006_crop.png,6
S096_001_00000007_crop.png,6
S096_003_00000001_crop.png,0
S096_003_00000010_crop.png,2
S096_003_00000011_crop.png,2
S096_003_00000012_crop.png,2
S096_004_00000001_crop.png,0
S096_004_00000009_crop.png,4
S096_004_00000010_crop.png,4
S096_004_00000011_crop.png,4
S097_001_00000001_crop.png,0
S097_001_00000019_crop.png,6
S097_001_00000020_crop.png,6
S097_001_00000021_crop.png,6
S097_004_00000001_crop.png,0
S097_004_00000028_crop.png,2
S097_004_00000029_crop.png,2
S097_004_00000030_crop.png,2
S097_006_00000001_crop.png,0
S097_006_00000017_crop.png,4
S097_006_00000018_crop.png,4
S097_006_00000019_crop.png,4
S098_003_00000001_crop.png,0
S098_003_00000011_crop.png,2
S098_003_00000012_crop.png,2
S098_003_00000013_crop.png,2
S098_004_00000001_crop.png,0
S098_004_00000013_crop.png,4
S098_004_00000014_crop.png,4
S098_004_00000015_crop.png,4
S099_001_00000001_crop.png,0
S099_001_00000012_crop.png,6
S099_001_00000013_crop.png,6
S099_001_00000014_crop.png,6
S099_004_00000001_crop.png,0
S099_004_00000013_crop.png,4
S099_004_00000014_crop.png,4
S099_004_00000015_crop.png,4
S099_007_00000001_crop.png,0
S099_007_00000010_crop.png,2
S099_007_00000011_crop.png,2
S099_007_00000012_crop.png,2
S100_002_00000001_crop.png,0
S100_002_00000013_crop.png,6
S100_002_00000014_crop.png,6
S100_002_00000015_crop.png,6
S100_005_00000001_crop.png,0
S100_005_00000021_crop.png,1
S100_005_00000022_crop.png,1
S100_005_00000023_crop.png,1
S100_006_00000001_crop.png,0
S100_006_00000014_crop.png,4
S100_006_00000015_crop.png,4
S100_006_00000016_crop.png,4
S101_002_00000001_crop.png,0
S101_002_00000017_crop.png,6
S101_002_00000018_crop.png,6
S101_002_00000019_crop.png,6
S102_002_00000001_crop.png,0
S102_002_00000016_crop.png,6
S102_002_00000017_crop.png,6
S102_002_00000018_crop.png,6
S102_003_00000001_crop.png,0
S102_003_00000014_crop.png,3
S102_003_00000015_crop.png,3
S102_003_00000016_crop.png,3
S102_009_00000001_crop.png,0
S102_009_00000013_crop.png,2
S102_009_00000014_crop.png,2
S102_009_00000015_crop.png,2
S105_008_00000001_crop.png,0
S105_008_00000008_crop.png,2
S105_008_00000009_crop.png,2
S105_008_00000010_crop.png,2
S106_002_00000001_crop.png,0
S106_002_00000014_crop.png,5
S106_002_00000015_crop.png,5
S106_002_00000016_crop.png,5
S106_004_00000001_crop.png,0
S106_004_00000006_crop.png,2
S106_004_00000007_crop.png,2
S106_004_00000008_crop.png,2
S106_006_00000001_crop.png,0
S106_006_00000009_crop.png,4
S106_006_00000010_crop.png,4
S106_006_00000011_crop.png,4
S107_001_00000001_crop.png,0
S107_001_00000008_crop.png,6
S107_001_00000009_crop.png,6
S107_001_00000010_crop.png,6
S107_005_00000001_crop.png,0
S107_005_00000009_crop.png,2
S107_005_00000010_crop.png,2
S107_005_00000011_crop.png,2
S108_005_00000001_crop.png,0
S108_005_00000020_crop.png,5
S108_005_00000021_crop.png,5
S108_005_00000022_crop.png,5
S108_006_00000001_crop.png,0
S108_006_00000018_crop.png,2
S108_006_00000019_crop.png,2
S108_006_00000020_crop.png,2
S108_008_00000001_crop.png,0
S108_008_00000011_crop.png,4
S108_008_00000012_crop.png,4
S108_008_00000013_crop.png,4
S109_003_00000001_crop.png,0
S109_003_00000015_crop.png,1
S109_003_00000016_crop.png,1
S109_003_00000017_crop.png,1
S109_005_00000001_crop.png,0
S109_005_00000012_crop.png,2
S109_005_00000013_crop.png,2
S109_005_00000014_crop.png,2
S109_006_00000001_crop.png,0
S109_006_00000013_crop.png,4
S109_006_00000014_crop.png,4
S109_006_00000015_crop.png,4
S110_001_00000001_crop.png,0
S110_001_00000011_crop.png,6
S110_001_00000012_crop.png,6
S110_001_00000013_crop.png,6
S111_001_00000001_crop.png,0
S111_001_00000012_crop.png,6
S111_001_00000013_crop.png,6
S111_001_00000014_crop.png,6
S111_006_00000001_crop.png,0
S111_006_00000008_crop.png,1
S111_006_00000009_crop.png,1
S111_006_00000010_crop.png,1
S111_007_00000001_crop.png,0
S111_007_00000012_crop.png,2
S111_007_00000013_crop.png,2
S111_007_00000014_crop.png,2
S112_005_00000001_crop.png,0
S112_005_00000015_crop.png,1
S112_005_00000016_crop.png,1
S112_005_00000017_crop.png,1
S113_001_00000001_crop.png,0
S113_001_00000010_crop.png,6
S113_001_00000011_crop.png,6
S113_001_00000012_crop.png,6
S113_003_00000001_crop.png,0
S113_003_00000013_crop.png,5
S113_003_00000014_crop.png,5
S113_003_00000015_crop.png,5
S113_008_00000001_crop.png,0
S113_008_00000021_crop.png,1
S113_008_00000022_crop.png,1
S113_008_00000023_crop.png,1
S114_001_00000001_crop.png,0
S114_001_00000016_crop.png,6
S114_001_00000017_crop.png,6
S114_001_00000018_crop.png,6
S114_006_00000001_crop.png,0
S114_006_00000021_crop.png,4
S114_006_00000022_crop.png,4
S114_006_00000023_crop.png,4
S115_001_00000001_crop.png,0
S115_001_00000006_crop.png,6
S115_001_00000007_crop.png,6
S115_001_00000008_crop.png,6
S115_004_00000001_crop.png,0
S115_004_00000015_crop.png,5
S115_004_00000016_crop.png,5
S115_004_00000017_crop.png,5
S115_008_00000001_crop.png,0
S115_008_00000015_crop.png,4
S115_008_00000016_crop.png,4
S115_008_00000017_crop.png,4
S116_001_00000001_crop.png,0
S116_001_00000012_crop.png,6
S116_001_00000013_crop.png,6
S116_001_00000014_crop.png,6
S116_006_00000001_crop.png,0
S116_006_00000005_crop.png,2
S116_006_00000006_crop.png,2
S116_006_00000007_crop.png,2
S116_007_00000001_crop.png,0
S116_007_00000015_crop.png,4
S116_007_00000016_crop.png,4
S116_007_00000017_crop.png,4
S117_001_00000001_crop.png,0
S117_001_00000012_crop.png,6
S117_001_00000013_crop.png,6
S117_001_00000014_crop.png,6
S117_003_00000001_crop.png,0
S117_003_00000012_crop.png,3
S117_003_00000013_crop.png,3
S117_003_00000014_crop.png,3
S117_006_00000001_crop.png,0
S117_006_00000008_crop.png,1
S117_006_00000009_crop.png,1
S117_006_00000010_crop.png,1
S119_001_00000001_crop.png,0
S119_001_00000009_crop.png,6
S119_001_00000010_crop.png,6
S119_001_00000011_crop.png,6
S119_003_00000001_crop.png,0
S119_003_00000022_crop.png,3
S119_003_00000023_crop.png,3
S119_003_00000024_crop.png,3
S119_008_00000001_crop.png,0
S119_008_00000016_crop.png,1
S119_008_00000017_crop.png,1
S119_008_00000018_crop.png,1
S122_001_00000001_crop.png,0
S122_001_00000010_crop.png,6
S122_001_00000011_crop.png,6
S122_001_00000012_crop.png,6
S124_001_00000001_crop.png,0
S124_001_00000012_crop.png,6
S124_001_00000013_crop.png,6
S124_001_00000014_crop.png,6
S124_003_00000001_crop.png,0
S124_003_00000009_crop.png,3
S124_003_00000010_crop.png,3
S124_003_00000011_crop.png,3
S124_006_00000001_crop.png,0
S124_006_00000009_crop.png,2
S124_006_00000010_crop.png,2
S124_006_00000011_crop.png,2
S124_007_00000001_crop.png,0
S124_007_00000022_crop.png,4
S124_007_00000023_crop.png,4
S124_007_00000024_crop.png,4
S125_001_00000001_crop.png,0
S125_001_00000012_crop.png,5
S125_001_00000013_crop.png,5
S125_001_00000014_crop.png,5
S125_005_00000001_crop.png,0
S125_005_00000011_crop.png,4
S125_005_00000012_crop.png,4
S125_005_00000013_crop.png,4
S125_006_00000001_crop.png,0
S125_006_00000020_crop.png,3
S125_006_00000021_crop.png,3
S125_006_00000022_crop.png,3
S125_007_00000001_crop.png,0
S125_007_00000007_crop.png,6
S125_007_00000008_crop.png,6
S125_007_00000009_crop.png,6
S125_008_00000001_crop.png,0
S125_008_00000008_crop.png,2
S125_008_00000009_crop.png,2
S125_008_00000010_crop.png,2
S126_004_00000001_crop.png,0
S126_004_00000010_crop.png,6
S126_004_00000011_crop.png,6
S126_004_00000012_crop.png,6
S126_008_00000001_crop.png,0
S126_008_00000027_crop.png,1
S126_008_00000028_crop.png,1
S126_008_00000029_crop.png,1
S127_001_00000001_crop.png,0
S127_001_00000015_crop.png,6
S127_001_00000016_crop.png,6
S127_001_00000017_crop.png,6
S127_004_00000001_crop.png,0
S127_004_00000014_crop.png,4
S127_004_00000015_crop.png,4
S127_004_00000016_crop.png,4
S127_010_00000001_crop.png,0
S127_010_00000016_crop.png,1
S127_010_00000017_crop.png,1
S127_010_00000018_crop.png,1
S128_004_00000001_crop.png,0
S128_004_00000011_crop.png,2
S128_004_00000012_crop.png,2
S128_004_00000013_crop.png,2
S128_011_00000001_crop.png,0
S128_011_00000014_crop.png,4
S128_011_00000015_crop.png,4
S128_011_00000016_crop.png,4
S129_002_00000001_crop.png,0
S129_002_00000009_crop.png,6
S129_002_00000010_crop.png,6
S129_002_00000011_crop.png,6
S129_006_00000001_crop.png,0
S129_006_00000008_crop.png,1
S129_006_00000009_crop.png,1
S129_006_00000010_crop.png,1
S129_011_00000001_crop.png,0
S129_011_00000016_crop.png,2
S129_011_00000017_crop.png,2
S129_011_00000018_crop.png,2
S129_012_00000001_crop.png,0
S129_012_00000009_crop.png,4
S129_012_00000010_crop.png,4
S129_012_00000011_crop.png,4
S130_001_00000001_crop.png,0
S130_001_00000016_crop.png,6
S130_001_00000017_crop.png,6
S130_001_00000018_crop.png,6
S130_007_00000001_crop.png,0
S130_007_00000018_crop.png,1
S130_007_00000019_crop.png,1
S130_007_00000020_crop.png,1
S130_009_00000001_crop.png,0
S130_009_00000017_crop.png,5
S130_009_00000018_crop.png,5
S130_009_00000019_crop.png,5
S130_012_00000001_crop.png,0
S130_012_00000009_crop.png,2
S130_012_00000010_crop.png,2
S130_012_00000011_crop.png,2
S130_013_00000001_crop.png,0
S130_013_00000013_crop.png,4
S130_013_00000014_crop.png,4
S130_013_00000015_crop.png,4
S131_001_00000001_crop.png,0
S131_001_00000014_crop.png,6
S131_001_00000015_crop.png,6
S131_001_00000016_crop.png,6
S131_003_00000001_crop.png,0
S131_003_00000022_crop.png,5
S131_003_00000023_crop.png,5
S131_003_00000024_crop.png,5
S131_006_00000001_crop.png,0
S131_006_00000020_crop.png,4
S131_006_00000021_crop.png,4
S131_006_00000022_crop.png,4
S131_010_00000001_crop.png,0
S131_010_00000016_crop.png,2
S131_010_00000017_crop.png,2
S131_010_00000018_crop.png,2
S132_002_00000001_crop.png,0
S132_002_00000016_crop.png,5
S132_002_00000017_crop.png,5
S132_002_00000018_crop.png,5
S132_003_00000001_crop.png,0
S132_003_00000021_crop.png,3
S132_003_00000022_crop.png,3
S132_003_00000023_crop.png,3
S132_005_00000001_crop.png,0
S132_005_00000014_crop.png,2
S132_005_00000015_crop.png,2
S132_005_00000016_crop.png,2
S132_006_00000001_crop.png,0
S132_006_00000021_crop.png,4
S132_006_00000022_crop.png,4
S132_006_00000023_crop.png,4
S132_008_00000001_crop.png,0
S132_008_00000008_crop.png,6
S132_008_00000009_crop.png,6
S132_008_00000010_crop.png,6
S133_003_00000001_crop.png,0
S133_003_00000045_crop.png,1
S133_003_00000046_crop.png,1
S133_003_00000047_crop.png,1
S133_009_00000001_crop.png,0
S133_009_00000004_crop.png,6
S133_009_00000005_crop.png,6
S133_009_00000006_crop.png,6
S133_010_00000001_crop.png,0
S133_010_00000012_crop.png,4
S133_010_00000013_crop.png,4
S133_010_00000014_crop.png,4
S134_003_00000001_crop.png,0
S134_003_00000009_crop.png,1
S134_003_00000010_crop.png,1
S134_003_00000011_crop.png,1
S134_004_00000001_crop.png,0
S134_004_00000013_crop.png,4
S134_004_00000014_crop.png,4
S134_004_00000015_crop.png,4
S134_008_00000001_crop.png,0
S134_008_00000011_crop.png,2
S134_008_00000012_crop.png,2
S134_008_00000013_crop.png,2
S135_001_00000001_crop.png,0
S135_001_00000037_crop.png,6
S135_001_00000038_crop.png,6
S135_001_00000039_crop.png,6
S135_012_00000001_crop.png,0
S135_012_00000018_crop.png,4
S135_012_00000019_crop.png,4
S135_012_00000020_crop.png,4
S136_001_00000001_crop.png,0
S136_001_00000017_crop.png,6
S136_001_00000018_crop.png,6
S136_001_00000019_crop.png,6
S136_003_00000001_crop.png,0
S136_003_00000012_crop.png,5
S136_003_00000013_crop.png,5
S136_003_00000014_crop.png,5
S136_005_00000001_crop.png,0
S136_005_00000008_crop.png,1
S136_005_00000009_crop.png,1
S136_005_00000010_crop.png,1
S136_006_00000001_crop.png,0
S136_006_00000018_crop.png,4
S136_006_00000019_crop.png,4
S136_006_00000020_crop.png,4
S137_001_00000001_crop.png,0
S137_001_00000012_crop.png,6
S137_001_00000013_crop.png,6
S137_001_00000014_crop.png,6
S137_005_00000001_crop.png,0
S137_005_00000025_crop.png,5
S137_005_00000026_crop.png,5
S137_005_00000027_crop.png,5
S137_011_00000001_crop.png,0
S137_011_00000018_crop.png,4
S137_011_00000019_crop.png,4
S137_011_00000020_crop.png,4
S138_001_00000001_crop.png,0
S138_001_00000010_crop.png,3
S138_001_00000011_crop.png,3
S138_001_00000012_crop.png,3
S138_004_00000001_crop.png,0
S138_004_00000011_crop.png,6
S138_004_00000012_crop.png,6
S138_004_00000013_crop.png,6
S138_005_00000001_crop.png,0
S138_005_00000014_crop.png,4
S138_005_00000015_crop.png,4
S138_005_00000016_crop.png,4
S138_007_00000001_crop.png,0
S138_007_00000009_crop.png,5
S138_007_00000010_crop.png,5
S138_007_00000011_crop.png,5
S501_001_00000001_crop.png,0
S501_001_00000065_crop.png,1
S501_001_00000066_crop.png,1
S501_001_00000067_crop.png,1
S501_004_00000001_crop.png,0
S501_004_00000054_crop.png,3
S501_004_00000055_crop.png,3
S501_004_00000056_crop.png,3
S501_006_00000001_crop.png,0
S501_006_00000039_crop.png,5
S501_006_00000040_crop.png,5
S501_006_00000041_crop.png,5
S502_001_00000001_crop.png,0
S502_001_00000014_crop.png,1
S502_001_00000015_crop.png,1
S502_001_00000016_crop.png,1
S502_004_00000001_crop.png,0
S502_004_00000050_crop.png,3
S502_004_00000051_crop.png,3
S502_004_00000052_crop.png,3
S503_001_00000001_crop.png,0
S503_001_00000069_crop.png,1
S503_001_00000070_crop.png,1
S503_001_00000071_crop.png,1
S503_006_00000001_crop.png,0
S503_006_00000018_crop.png,5
S503_006_00000019_crop.png,5
S503_006_00000020_crop.png,5
S504_001_00000001_crop.png,0
S504_001_00000020_crop.png,1
S504_001_00000021_crop.png,1
S504_001_00000022_crop.png,1
S504_004_00000001_crop.png,0
S504_004_00000013_crop.png,3
S504_004_00000014_crop.png,3
S504_004_00000015_crop.png,3
S504_006_00000001_crop.png,0
S504_006_00000016_crop.png,5
S504_006_00000017_crop.png,5
S504_006_00000018_crop.png,5
S505_006_00000001_crop.png,0
S505_006_00000017_crop.png,5
S505_006_00000018_crop.png,5
S505_006_00000019_crop.png,5
S506_001_00000001_crop.png,0
S506_001_00000038_crop.png,1
S506_001_00000039_crop.png,1
S506_001_00000040_crop.png,1
S506_004_00000001_crop.png,0
S506_004_00000036_crop.png,3
S506_004_00000037_crop.png,3
S506_004_00000038_crop.png,3
S506_006_00000001_crop.png,0
S506_006_00000040_crop.png,5
S506_006_00000041_crop.png,5
S506_006_00000042_crop.png,5
S999_001_00000001_crop.png,0
S999_001_00000016_crop.png,1
